english,native,latin
pleural effusion,derrame pleural,
lung,pulmón,
liver,hígado,
kidney,riñón,
gallbladder,vesícula biliar,
calculus,cálculo,
cyst,quiste,
fracture,fractura,
ascites,ascitis,
hepatic steatosis,esteatosis hepática,
spleen,bazo,
heart,corazón,
cardiomegaly,cardiomegalia,
pneumonia,neumonía,
ground glass opacity,opacidad en vidrio esmerilado,
thickening,engrosamiento,
hydronephrosis,hidronefrosis,
urinary bladder,vejiga,
uterus,útero,
ovary,ovario,
brain,cerebro,
haemorrhage,hemorragia,
mass,masa,
pancreas,páncreas,
thyroid,tiroides,
lymph node,ganglio linfático,
